"ID","Nama","Bulan","Emosi","Skor_Emosi","Komentar"
"1","John","Januari","Senang",8,"Saya sangat senang dengan lingkungan sekitar"
"1","John","Februari","Netral",5,"Lingkungan sekitar cukup baik"
"1","John","Maret","Marah",2,"Saya marah dengan keadaan lingkungan yang kotor"
"1","John","April","Senang",9,"Lingkungan sekitar sangat indah"
"1","John","Mei","Sedih",4,"Saya sedih dengan kehilangan habitat alam"
"1","John","Juni","Netral",6,"Lingkungan sekitar cukup baik"
"2","Jane","Januari","Sedih",3,"Saya sedih dengan keadaan lingkungan yang rusak"
"2","Jane","Februari","Netral",5,"Lingkungan sekitar cukup baik"
"2","Jane","Maret","Senang",8,"Saya senang dengan kegiatan pelestarian lingkungan"
"2","Jane","April","Marah",1,"Saya marah dengan kegiatan pengrusakan lingkungan"
"2","Jane","Mei","Netral",6,"Lingkungan sekitar cukup baik"
"2","Jane","Juni","Senang",9,"Lingkungan sekitar sangat indah"
"3","Bob","Januari","Netral",5,"Lingkungan sekitar cukup baik"
"3","Bob","Februari","Senang",8,"Saya senang dengan kegiatan outdoor"
"3","Bob","Maret","Sedih",4,"Saya sedih dengan kehilangan spesies langka"
"3","Bob","April","Netral",6,"Lingkungan sekitar cukup baik"
"3","Bob","Mei","Marah",2,"Saya marah dengan kegiatan pengrusakan lingkungan"
"3","Bob","Juni","Senang",9,"Lingkungan sekitar sangat indah"